Lat,Long,Day,Time,Weather,Light,Severity,Sex,Age,Vehicle_type,Vehicle_age
6.871939,79.901487,1,19,1,2,3,1,26,5,2
6.871939,79.901487,1,19,1,2,3,,,1,2
6.884665,79.907132,7,8.5,1,1,4,1,26,1,6
6.884665,79.907132,7,8.5,1,1,4,1,42,1,2
6.877136,79.892977,5,12.55,1,1,4,1,39,2,13
6.877136,79.892977,5,12.55,1,1,4,1,20,1,2
6.876158,79.900461,3,1.55,1,2,4,1,52,6,9
6.865565,79.89674,3,8,1,1,4,1,45,1,9
6.865565,79.89674,3,8,1,1,4,1,29,2,6
6.869196,79.902801,5,19.4,1,2,4,1,19,5,3
6.862648,79.911982,1,14.3,1,1,4,1,32,2,8
6.862701,79.91147,3,7.45,1,1,4,1,22,1,2
6.862701,79.91147,3,7.45,1,1,4,1,50,2,13
6.881477,79.890452,3,10.35,1,1,4,1,31,5,2
6.881477,79.890452,3,10.35,1,1,4,,,1,1
6.861578,79.901267,3,17.15,1,1,4,1,26,1,7
6.861578,79.901267,3,17.15,1,1,4,1,39,6,9
6.871075,79.889209,3,19.1,1,2,4,1,38,1,2
6.871075,79.889209,3,19.1,1,2,4,1,34,3,12
6.884252,79.902429,4,7.3,1,1,3,1,25,6,3
6.888202,79.902343,4,10,1,1,4,1,30,1,22
6.888202,79.902343,4,10,1,1,4,,,1,15
6.888202,79.902343,4,10,1,1,4,1,39,3,33
6.864226,79.897864,4,12.3,1,1,4,1,49,3,12
6.864226,79.897864,4,12.3,1,1,4,1,61,6,20
6.862627,79.90116,5,7.3,1,1,,1,69,4,
6.862627,79.90116,5,7.3,1,1,,1,36,1,2
6.867992,79.892502,5,19.45,1,2,4,1,42,1,14
6.867992,79.892502,5,19.45,1,2,4,1,26,2,2
6.889049,79.902021,5,7.09,1,1,4,1,38,1,14
6.889049,79.902021,5,7.09,1,1,4,1,52,1,9
6.862627,79.90116,6,13.1,1,1,2,1,52,6,3
6.862627,79.90116,6,13.1,1,1,2,1,30,2,12
6.864926,79.896528,6,13.15,1,1,4,2,50,2,3
6.864926,79.896528,6,13.15,1,1,4,2,76,1,3
6.869186,79.917973,7,9.5,1,1,1,1,59,6,4
6.869186,79.917973,7,9.5,1,1,1,1,46,6,10
6.869186,79.917973,7,9.5,1,1,1,1,68,1,11
,,,,,,,2,59,1,6
6.883861,79.906495,7,17.45,1,2,4,1,70,1,3
6.883861,79.906495,7,17.45,1,2,4,1,34,6,2
,,7,23.3,1,2,2,1,21,5,3
6.880688,79.899992,2,8.3,1,1,4,1,27,2,8
6.880688,79.899992,2,8.3,1,1,4,1,64,1,12
6.862627,79.90116,2,17.55,1,2,3,2,26,6,7
6.862627,79.90116,2,17.55,1,2,3,1,52,6,4
6.870381,79.900676,4,9.5,1,1,4,1,33,1,7
6.870381,79.900676,4,9.5,1,1,4,1,27,1,7
6.862627,79.90116,4,16,1,1,4,1,35,5,3
6.862627,79.90116,4,16,1,1,4,,,1,3
6.864032,79.898442,4,20.3,1,2,4,1,26,1,3
6.864032,79.898442,4,20.3,1,2,4,1,,2,13
6.882862,79.896116,5,13.45,1,1,4,1,52,1,7
6.882862,79.896116,5,13.45,1,1,4,1,56,6,4
,,7,8.1,1,1,4,1,40,1,2
6.884049,79.906741,1,7.45,1,1,4,2,52,1,2
6.862819,79.901334,1,18.25,1,2,4,1,26,1,12
6.867972,79.892587,2,8.3,1,1,4,2,48,1,3
6.872449,79.896933,2,13.15,1,1,3,1,62,1,27
6.883857,79.901814,2,17.15,1,1,4,1,48,2,6
6.87,79.895596,3,17.45,1,1,4,1,41,1,13
6.883034,79.899894,3,12.5,1,1,4,1,61,1,2
6.862819,79.901334,3,14,1,1,4,1,18,5,13
6.87127,79.888593,3,19.55,1,2,4,1,23,1,2
6.872984,79.888954,3,19,1,2,4,1,52,1,2
6.877363,79.890015,5,11.2,1,1,4,1,37,6,13
6.883446,79.886769,1,9,1,1,4,1,35,1,2
6.862383,79.903034,2,13.15,1,1,4,1,38,7,40
6.877402,79.890519,3,9,1,1,4,1,32,1,2
6.876331,79.892456,3,9.15,1,1,4,1,70,1,11
6.87419,79.890388,4,9.35,1,1,4,1,29,2,8
6.863771,79.898761,4,13.3,1,1,4,1,29,1,7
6.885365,79.897334,6,8.35,1,1,4,1,38,1,6
6.878724,79.890289,5,21,1,2,2,1,45,7,12
6.864049,79.912865,6,12.35,1,1,4,1,20,1,6
6.867889,79.902515,5,12.1,1,1,4,1,31,1,6
6.86924,79.889487,4,15.45,1,1,4,2,40,1,2
6.872917,79.891794,3,14.3,1,1,4,2,38,2,2
6.856891,79.908696,3,9.29,1,1,4,1,56,1,2
6.876507,79.903243,2,18.12,1,2,3,,,,
,,3,13.25,1,1,4,1,55,7,19
6.867006,79.915763,7,6.15,1,1,4,1,42,1,3
6.876371,79.896463,7,,1,1,4,2,30,1,3
6.862459,79.913142,7,13.3,1,1,4,1,51,1,2
6.884187,79.903853,1,0.1,1,2,4,1,35,6,3
6.873155,79.891124,6,16.05,1,1,4,1,51,1,5
6.871056,79.886053,6,16.5,1,1,4,1,49,1,2
6.869838,79.888073,2,12.45,1,1,4,1,42,5,1
,,2,19.45,1,2,4,1,41,6,26
6.869603,79.888882,3,7.29,1,1,4,1,38,1,8
6.857862,79.908421,3,10.3,1,1,2,1,35,5,7
6.869951,79.887625,4,15.4,1,1,4,1,35,6,3
6.876201,79.900657,3,23.3,1,2,4,1,30,2,4
6.881421,79.900516,4,23.1,1,2,4,1,33,6,20
6.879269,79.920583,5,7.2,1,1,4,1,30,5,10
6.872193,79.905286,2,7.45,1,1,4,1,37,1,18
6.88046,79.89051,2,8.25,1,1,4,1,46,1,3
6.874472,79.901973,3,12.4,1,1,4,1,46,1,2
6.86294,79.901467,4,2.45,1,2,2,1,38,6,4
6.874574,79.89621,5,12,1,1,4,1,34,1,1
6.882442,79.897664,5,7.45,1,1,4,1,39,2,25
,,5,17,1,1,4,1,29,1,2
6.862708,79.901477,6,13.45,1,1,4,1,31,1,3
6.863277,79.901597,7,17.55,1,1,1,1,31,1,5
6.862708,79.901477,7,22.1,1,2,4,1,49,1,6
6.862559,79.91306,1,21.57,1,2,3,1,25,4,
,,2,7.2,1,1,4,1,50,1,8
6.864207,79.897983,2,8.05,1,1,4,1,37,1,2
6.862475,79.901743,2,10.5,1,1,4,1,32,1,1
6.870061,79.887777,2,10,1,1,3,,,,
6.870061,79.887777,2,15.1,1,1,4,1,38,1,2
,,3,2.3,1,2,4,2,57,1,6
6.883277,79.910853,3,22.2,1,2,3,1,30,2,28
,,4,4.1,1,2,3,1,26,6,1
6.866508,79.893491,4,5,1,2,4,2,47,1,2
6.862075,79.897703,4,9.3,1,1,4,1,32,1,6
6.866403,79.893212,5,6.45,1,1,4,1,47,2,2
6.879303,79.905103,6,17,1,1,2,1,44,5,7
6.869557,79.888508,7,10.55,1,1,1,1,47,7,1
6.864535,79.897755,1,22.5,1,2,4,1,33,1,6
6.883321,79.901695,1,22.1,1,2,4,1,47,1,4
,,1,6.45,1,1,4,1,33,1,2
6.858813,79.907604,3,8.15,1,1,4,1,66,1,8
6.877509,79.893499,3,8,1,1,3,1,62,4,
6.859779,79.906341,3,1.3,1,2,3,1,47,2,28
6.865046,79.896464,4,5.45,1,2,3,1,34,1,3
6.874604,79.898614,4,15.45,1,1,3,1,22,6,11
6.876663,79.92684,5,8.3,1,1,4,1,26,1,1
,,6,13.05,1,1,4,1,44,7,12
6.873291,79.891222,7,6.45,1,1,4,1,40,1,4
6.857622,79.908309,2,8.45,1,1,2,1,26,5,5
6.884724,79.901792,1,16.45,1,1,4,1,75,1,17
,,2,21.1,1,2,3,1,53,5,8
6.874473,79.896587,3,17.3,1,1,4,1,,2,20
6.880846,79.916227,3,12,1,1,4,1,58,1,2
6.880918,79.890722,3,,1,2,4,1,26,1,5
6.870289,79.888738,4,12.45,1,1,4,1,33,1,4
6.863898,79.898873,6,12.1,1,1,4,1,34,5,3
,,1,12.3,1,1,3,1,18,5,5
6.869483,79.897908,3,17.3,1,1,2,1,52,3,27
6.888396,79.902652,3,23.45,1,2,4,1,28,2,17
6.873431,79.89131,5,10.4,1,1,4,1,29,2,13
6.873431,79.89131,3,17.3,1,1,4,1,36,5,2
,,5,22.35,1,2,4,1,56,6,12
6.871056,79.906049,2,10.35,1,1,4,1,34,4,6
6.883435,79.910065,3,13.3,1,1,4,1,56,6,5
6.869811,79.888275,1,5.15,1,1,4,1,51,1,2
6.857622,79.908309,1,22,1,2,3,,,,
6.878833,79.921693,2,19.15,1,2,4,1,47,1,3
6.883435,79.910065,4,13,1,1,4,1,36,2,8
6.867277,79.893046,6,18.15,1,2,2,1,37,4,1
6.861923,79.913688,6,20.2,1,2,3,1,28,4,10
6.876742,79.892822,7,18.3,1,2,4,1,60,6,6
6.863865,79.898464,3,10.1,1,1,4,1,31,2,2
6.878814,79.890806,3,13.2,1,1,4,1,54,1,2
6.875265,79.899427,4,21.35,1,2,2,1,30,4,1
6.873931,79.928114,5,15.5,1,1,2,1,70,6,10
6.88246,79.887986,,10.55,1,1,4,1,47,4,1
6.869282,79.889473,7,10.55,1,1,1,1,47,7,1
6.867749,79.91813,7,9.5,1,1,1,2,59,6,4
6.867749,79.91813,7,9.5,1,1,1,1,46,6,10
6.867749,79.91813,7,9.5,1,1,1,1,68,1,11
6.883816,79.886802,6,19.5,1,2,1,2,28,1,3
6.883816,79.886802,6,19.5,1,2,1,1,21,5,1
6.874953,79.927527,5,22.5,1,2,1,1,42,3,12
6.867277,79.893046,6,18.15,1,2,2,1,27,4,1
6.869811,79.888275,1,5.55,1,1,4,1,52,1,5
6.876742,79.892822,6,19.73,1,2,4,1,34,6,7
6.871056,79.906049,3,11.35,1,1,4,1,56,5,4
6.883435,79.910065,3,12.39,1,1,4,1,35,6,2
6.869811,79.888275,1,5.12,1,1,4,1,50,2,2
6.857622,79.908309,1,22.13,1,2,3,,,,
6.878833,79.921693,2,19.34,1,2,4,1,46,2,3
6.883435,79.910065,4,13.09,1,1,4,1,35,1,8
6.867277,79.893046,6,18.23,1,2,2,1,36,4,4
6.861923,79.913688,6,20.23,1,2,3,1,29,5,9
6.876742,79.892822,7,18.56,1,2,4,1,61,6,5
6.863865,79.898464,3,10.12,1,1,4,1,30,1,3
6.878814,79.890806,3,13.24,1,1,4,1,55,2,3
6.875265,79.899427,4,21,1,2,2,1,32,4,2
6.873931,79.928114,5,15.45,1,1,2,1,71,6,9
6.88246,79.887986,,10.26,1,1,4,1,48,4,2
6.869282,79.889473,7,10.34,1,1,1,1,46,7,2
6.867749,79.91813,7,9.35,1,1,1,2,58,6,5
6.867749,79.91813,7,9.35,1,1,1,1,45,6,9
6.867749,79.91813,7,9.25,1,1,1,1,66,1,10
6.883816,79.886802,6,19.45,1,2,1,2,29,1,3
6.883816,79.886802,6,19.56,1,2,1,1,23,5,2
6.874953,79.927527,5,22.56,1,2,1,1,44,3,10
6.871939,79.901487,1,19.03,1,2,3,1,24,5,1
6.871939,79.901487,1,19.06,1,2,3,,,1,2
6.884665,79.907132,7,8.55,1,1,4,1,25,1,6
6.884665,79.907132,7,8.56,1,1,4,1,44,1,1
6.877136,79.892977,5,12.45,1,1,4,1,38,2,13
6.877136,79.892977,5,12.45,1,1,4,1,21,1,1
6.876158,79.900461,3,2,1,2,4,1,55,6,9
6.865565,79.89674,3,7.58,1,1,4,1,44,1,10
6.865565,79.89674,3,7.58,1,1,4,1,30,1,6
6.869196,79.902801,5,19.45,1,2,4,1,20,5,4
6.862648,79.911982,1,14.23,1,1,4,1,33,2,8
6.862701,79.91147,3,7.56,1,1,4,1,23,1,3
6.862701,79.91147,3,7.56,1,1,4,1,51,2,13
6.881477,79.890452,3,11.01,1,1,4,1,33,5,3
6.881477,79.890452,3,11.01,1,1,4,,,1,2
6.861578,79.901267,3,17.1,1,1,4,1,25,1,7
6.861578,79.901267,3,17.1,1,1,4,1,38,6,9
6.871075,79.889209,3,19.16,1,2,4,1,27,1,1
6.871075,79.889209,3,19.16,1,2,4,1,35,3,12
6.884252,79.902429,4,7.34,1,1,3,1,24,6,4
6.888202,79.902343,4,10.09,1,1,4,1,33,1,22
6.888202,79.902343,4,10.09,1,1,4,,,1,10
6.888202,79.902343,4,10.08,1,1,4,1,27,3,33
6.864226,79.897864,4,12.34,1,1,4,1,45,3,12
6.864226,79.897864,4,12.34,1,1,4,1,62,6,20
6.862627,79.90116,5,7.32,1,1,3,1,66,4,
6.862627,79.90116,5,7.32,1,1,3,1,38,2,1
6.867992,79.892502,5,19.56,1,2,4,1,46,2,14
6.867992,79.892502,5,19.55,1,2,4,1,25,1,2
6.889049,79.902021,5,7.08,1,1,4,1,39,1,14
6.889049,79.902021,5,7.08,1,1,4,1,50,2,9
6.862627,79.90116,6,13.15,1,1,2,1,51,6,3
6.862627,79.90116,6,13.15,1,1,2,1,33,1,12
6.864926,79.896528,6,13.23,1,1,4,2,51,1,3
6.864926,79.896528,6,13.23,1,1,4,2,75,2,3
6.869186,79.917973,7,9.55,1,1,1,1,56,6,4
6.869186,79.917973,7,9.55,1,1,1,1,47,6,10
6.869186,79.917973,7,9.55,1,1,1,1,67,1,11
6.880688,79.899992,2,8.35,1,1,4,1,30,2,8
6.880688,79.899992,2,8.35,1,1,4,1,65,1,12
6.862627,79.90116,2,17.45,1,2,3,2,25,6,7
6.862627,79.90116,2,17.45,1,2,3,1,53,6,4
6.870381,79.900676,4,9.56,1,1,4,1,34,1,7
6.870381,79.900676,4,9.56,1,1,4,1,26,1,7
6.862627,79.90116,4,16.02,1,1,4,1,37,5,3
6.862627,79.90116,4,16.02,1,1,4,,,1,3
6.864032,79.898442,4,20.33,1,2,4,1,24,1,3
6.864032,79.898442,4,20.33,1,2,4,1,,2,13
6.882862,79.896116,5,13.46,1,1,4,1,54,1,7
6.882862,79.896116,5,13.46,1,1,4,1,65,6,4
6.884049,79.906741,1,7.46,1,1,4,2,54,1,2
6.862819,79.901334,1,18.22,1,2,4,1,24,1,12
6.867972,79.892587,2,8.35,1,1,4,2,44,1,3
6.872449,79.896933,2,13.2,1,1,3,1,65,1,27
6.883857,79.901814,2,17.2,1,1,4,1,45,2,6
6.87,79.895596,3,17.55,1,1,4,1,43,1,13
6.883034,79.899894,3,12.45,1,1,4,1,65,1,2
6.862819,79.901334,3,14.02,1,1,4,1,19,5,13
6.87127,79.888593,3,19.56,1,2,4,1,24,1,2
6.872984,79.888954,3,19.34,1,2,4,1,55,1,4
6.877363,79.890015,5,11.23,1,1,4,1,36,6,13
6.883446,79.886769,1,8.55,1,1,4,1,36,1,3
6.862383,79.903034,2,13.14,1,1,4,1,36,7,40
6.877402,79.890519,3,9.07,1,1,4,1,31,2,1
6.876331,79.892456,3,9.12,1,1,4,1,68,2,11
6.87419,79.890388,4,9.34,1,1,4,1,30,1,7
6.863771,79.898761,4,13.5,1,1,4,1,27,2,6
6.871939,79.901487,1,19.09,1,2,3,1,26,4,1
6.871939,79.901487,1,19.09,1,2,3,,,2,3
6.884665,79.907132,7,8.54,1,1,4,1,26,2,5
6.884665,79.907132,7,8.54,1,1,4,1,42,2,3
6.877136,79.892977,5,12.45,1,1,4,1,34,1,10
6.877136,79.892977,5,12.45,1,1,4,1,22,2,3
6.876158,79.900461,3,1.5,1,2,4,1,56,6,9
6.865565,79.89674,3,8.08,1,1,4,1,46,2,10
6.865565,79.89674,3,8.08,1,1,4,1,30,1,4
6.869196,79.902801,5,19.45,1,2,4,1,20,5,1
6.862648,79.911982,1,14.34,1,1,4,1,31,1,7
6.862701,79.91147,3,7.44,1,1,4,1,21,1,1
6.862701,79.91147,3,7.44,1,1,4,1,55,2,10
6.881477,79.890452,3,10.34,1,1,4,1,32,4,3
6.881477,79.890452,3,10.34,1,1,4,,,1,2
6.861578,79.901267,3,17.13,1,1,4,1,27,1,6
6.861578,79.901267,3,17.13,1,1,4,1,35,6,11
6.871075,79.889209,3,19.13,1,2,4,1,37,2,3
6.871075,79.889209,3,19.13,1,2,4,1,33,3,11
6.884252,79.902429,4,7.33,1,1,3,1,23,6,2
6.888202,79.902343,4,10.07,1,1,4,1,34,1,20
6.888202,79.902343,4,10.07,1,1,4,,,2,13
6.888202,79.902343,4,10.07,1,1,4,1,39,3,30
6.864226,79.897864,4,12.23,1,1,4,1,49,3,10
6.864226,79.897864,4,12.23,1,1,4,1,61,6,16
6.862627,79.90116,5,7.34,1,1,,1,69,5,
6.862627,79.90116,5,7.34,1,1,,1,33,2,3
6.867992,79.892502,5,19.33,1,2,4,1,41,2,13
6.867992,79.892502,5,19.33,1,2,4,1,25,1,3
6.889049,79.902021,5,7.1,1,1,4,1,39,2,12
6.889049,79.902021,5,7.1,1,1,4,1,55,2,8
6.862627,79.90116,6,13.11,1,1,2,1,55,6,1
6.862627,79.90116,6,13.11,1,1,2,1,30,1,11
6.864926,79.896528,6,13.18,1,1,4,2,50,1,4
6.864926,79.896528,6,13.18,1,1,4,2,73,2,2
6.869186,79.917973,7,9.56,1,1,1,1,54,6,3
6.869186,79.917973,7,9.56,1,1,1,1,46,6,11
6.869186,79.917973,7,9.56,1,1,1,1,67,2,10
,,,,,,,2,60,2,5
6.883861,79.906495,7,17.34,1,2,4,1,67,1,4
6.883861,79.906495,7,17.34,1,2,4,1,36,6,1
,,7,23.33,1,2,2,1,23,5,2
6.880688,79.899992,2,8.23,1,1,4,1,26,1,9
6.880688,79.899992,2,8.23,1,1,4,1,66,2,11
6.862627,79.90116,2,17.56,1,2,3,2,24,6,6
6.862627,79.90116,2,17.56,1,2,3,1,51,6,5
6.870381,79.900676,4,9.35,1,1,4,1,36,2,4
6.870381,79.900676,4,9.35,1,1,4,1,26,2,5
6.862627,79.90116,4,16.11,1,1,4,1,33,4,4
6.862627,79.90116,4,16.11,1,1,4,,,2,2
6.864032,79.898442,4,20.34,1,2,4,1,28,2,1
6.864032,79.898442,4,20.34,1,2,4,1,,1,11
6.882862,79.896116,5,13.23,1,1,4,1,53,1,8
6.882862,79.896116,5,13.23,1,1,4,1,59,6,5
,,7,8.19,1,1,4,1,44,1,1
6.884049,79.906741,1,7.46,1,1,4,2,51,1,1
6.862819,79.901334,1,18.28,1,2,4,1,27,1,13
6.867972,79.892587,2,8.33,1,1,4,2,48,1,4
6.872449,79.896933,2,13.18,1,1,3,1,62,1,28
6.883857,79.901814,2,17.13,1,1,4,1,48,1,5
6.87,79.895596,3,17.36,1,1,4,1,44,1,14
6.883034,79.899894,3,12.57,1,1,4,1,63,1,1
6.862819,79.901334,3,14.15,1,1,4,1,19,5,12
6.87127,79.888593,3,19.44,1,2,4,1,22,1,1
6.872984,79.888954,3,19.08,1,2,4,1,53,1,4
6.877363,79.890015,5,11.23,1,1,4,1,35,6,10
6.883446,79.886769,1,9.09,1,1,4,1,34,1,1
6.862383,79.903034,2,13.16,1,1,4,1,39,7,30
6.877402,79.890519,3,9.09,1,1,4,1,33,1,4
6.876331,79.892456,3,9.14,1,1,4,1,71,1,9
6.87419,79.890388,4,9.25,1,1,4,1,34,1,7
6.863771,79.898761,4,13.45,1,1,4,1,32,1,6
6.885365,79.897334,6,8.32,1,1,4,1,37,1,5
6.878724,79.890289,5,21.45,1,2,2,1,45,7,11
6.864049,79.912865,6,12.34,1,1,4,1,20,1,5
6.867889,79.902515,5,12.3,1,1,4,1,31,1,5
6.86924,79.889487,4,15.15,1,1,4,2,43,1,3
6.872917,79.891794,3,14.12,1,1,4,2,38,2,3
6.856891,79.908696,3,9.58,1,1,4,1,55,2,1
6.876507,79.903243,2,19.01,1,2,3,,,,
,,3,12.56,1,1,4,1,57,7,17
6.867006,79.915763,7,6.17,1,1,4,1,41,1,4
6.876371,79.896463,7,,1,1,4,2,33,1,2
6.862459,79.913142,7,13.39,1,1,4,1,53,1,1
6.884187,79.903853,1,0.12,1,2,4,1,37,6,2
6.873155,79.891124,6,16.33,1,1,4,1,50,1,4
6.871056,79.886053,6,16.34,1,1,4,1,51,1,1
6.869838,79.888073,2,12.11,1,1,4,1,44,5,3
,,2,19.34,1,2,4,1,46,6,24
6.869603,79.888882,3,7.29,1,1,4,1,39,1,7
6.857862,79.908421,3,11.01,1,1,2,1,36,5,5
6.869951,79.887625,4,15.4,1,1,4,1,36,6,4
6.876201,79.900657,3,23.45,1,2,4,1,33,2,4
6.881421,79.900516,4,23.1,1,2,4,1,32,6,14
6.879269,79.920583,5,7.09,1,1,4,1,31,5,10
6.872193,79.905286,2,7.12,1,1,4,1,35,1,13
6.88046,79.89051,2,8.28,1,1,4,1,46,1,3
6.874472,79.901973,3,12.56,1,1,4,1,43,1,1
6.86294,79.901467,4,2.45,1,2,2,1,38,6,5
6.874574,79.89621,5,12.09,1,1,4,1,34,2,2
6.882442,79.897664,5,1.49,1,1,4,1,40,2,20
,,5,17.21,1,1,4,1,30,1,2
6.862708,79.901477,6,13.11,1,1,4,1,32,1,3
6.863277,79.901597,7,17.26,1,1,1,1,35,1,5
6.862708,79.901477,7,22.43,1,2,4,1,50,1,6
6.862559,79.91306,1,21.56,1,2,3,1,27,4,
,,2,7.45,1,1,4,1,55,1,6
6.864207,79.897983,2,8.01,1,1,4,1,37,1,1
6.862475,79.901743,2,10.35,1,1,4,1,33,1,2
6.870061,79.887777,2,10.08,1,1,3,,,,
6.870061,79.887777,2,15.44,1,1,4,1,38,1,2
,,3,2.35,1,2,4,2,53,1,6
6.883277,79.910853,3,22.56,1,2,3,1,33,2,24
,,4,4.22,1,2,3,1,24,6,2
6.866508,79.893491,4,5.08,1,2,4,2,46,1,1
6.862075,79.897703,4,9.34,1,1,4,1,32,2,5
6.866403,79.893212,5,6.45,1,1,4,1,45,2,1
6.879303,79.905103,6,17.56,1,1,2,1,41,5,5
6.869557,79.888508,7,10.48,1,1,1,1,43,7,1
6.864535,79.897755,1,22.51,1,2,4,1,33,1,6
6.883321,79.901695,1,22.51,1,2,4,1,47,1,4
,,1,6.24,1,1,4,1,34,1,2
6.858813,79.907604,3,8.15,1,1,4,1,65,1,8
6.877509,79.893499,3,8.15,1,1,3,1,63,4,
6.859779,79.906341,3,1.34,1,2,3,1,46,2,22
6.865046,79.896464,4,5.45,1,2,3,1,33,1,4
6.874604,79.898614,4,15.45,1,1,3,1,23,6,9
6.876663,79.92684,5,8.29,1,1,4,1,27,1,1
,,6,13.05,1,1,4,1,45,7,11
6.873291,79.891222,7,6.45,1,1,4,1,41,1,4
6.857622,79.908309,2,8.45,1,1,2,1,27,5,5
6.884724,79.901792,1,16.12,1,1,4,1,74,1,14
,,2,21.22,1,2,3,1,52,5,6
6.874473,79.896587,3,17.32,1,1,4,1,,2,17
6.880846,79.916227,3,12.01,1,1,4,1,58,1,1
6.880918,79.890722,3,,1,2,4,1,26,1,6
6.870289,79.888738,4,12.45,1,1,4,1,34,1,4
6.863898,79.898873,6,12.11,1,1,4,1,35,5,3
,,1,12.56,1,1,3,1,19,5,5
6.869483,79.897908,3,17.54,1,1,2,1,53,3,18
6.888396,79.902652,3,23.45,1,2,4,1,29,2,15
6.873431,79.89131,5,10.43,1,1,4,1,30,2,13
6.873431,79.89131,3,17.33,1,1,4,1,35,5,2
,,5,22.35,1,2,4,1,55,6,12
6.871056,79.906049,2,10.35,1,1,4,1,33,4,6
6.883435,79.910065,3,13.13,1,1,4,1,55,6,5
6.869811,79.888275,1,5.15,1,1,4,1,50,1,2
6.857622,79.908309,1,22.14,1,2,3,,,,
6.878833,79.921693,2,19.15,1,2,4,1,46,1,3
6.883435,79.910065,4,13.55,1,1,4,1,35,2,5
6.867277,79.893046,6,18.16,1,2,2,1,36,4,2
6.861923,79.913688,6,20.26,1,2,3,1,29,4,8
6.876742,79.892822,7,18.34,1,2,4,1,61,6,7
6.863865,79.898464,3,10.18,1,1,4,1,32,2,1
6.878814,79.890806,3,13.27,1,1,4,1,55,2,2
6.875265,79.899427,4,21.35,1,2,2,1,31,4,4
6.873931,79.928114,5,15.59,1,1,2,1,71,6,10
6.88246,79.887986,,10.55,1,1,4,1,48,4,1
6.869282,79.889473,7,10.55,1,1,1,1,46,7,1
6.867749,79.91813,7,9.43,1,1,1,2,60,6,4
6.867749,79.91813,7,9.43,1,1,1,1,45,6,10
6.867749,79.91813,7,9.43,1,1,1,1,69,1,11
6.883816,79.886802,6,19.36,1,2,1,2,29,1,3
6.883816,79.886802,6,19.34,1,2,1,1,22,5,1
6.874953,79.927527,5,22.56,1,2,1,1,43,3,10
6.867277,79.893046,6,18.15,1,2,2,1,28,4,2
6.869811,79.888275,1,5.55,1,1,4,1,51,2,6
6.884665,79.907132,7,8.5,1,1,4,1,42,1,2
6.865565,79.89674,3,8,1,1,4,1,29,1,6
6.881477,79.890452,3,10.35,1,1,4,1,31,5,2
6.871075,79.889209,3,19.1,1,2,4,1,34,3,12
6.864226,79.897864,4,12.3,1,1,4,1,49,3,12
6.867992,79.892502,5,19.45,1,2,4,1,26,2,2
6.864926,79.896528,6,13.15,1,1,4,2,50,2,3
6.883861,79.906495,7,17.45,1,2,4,1,70,1,3
6.880688,79.899992,2,8.3,1,1,4,1,64,1,12
6.862627,79.90116,4,16,1,1,4,1,35,5,3
6.882862,79.896116,5,13.45,1,1,4,1,56,6,4
6.872449,79.896933,2,13.15,1,1,3,1,62,1,27
6.87127,79.888593,3,19.55,1,2,4,1,23,1,2
6.877402,79.890519,3,9,1,1,4,1,32,1,2
6.878724,79.890289,5,21,1,2,2,1,45,7,12
6.856891,79.908696,3,9.29,1,1,4,1,56,1,2
6.862459,79.913142,7,13.3,1,1,4,1,51,1,2
6.869838,79.888073,2,12.45,1,1,4,1,42,5,1
6.881421,79.900516,4,23.1,1,2,4,1,33,6,20
6.86294,79.901467,4,2.45,1,2,2,1,38,6,4
6.863277,79.901597,7,17.55,1,1,1,1,31,1,5
6.862475,79.901743,2,10.5,1,1,4,1,32,1,1
6.866508,79.893491,4,5,1,2,4,2,47,1,2
6.869557,79.888508,7,10.55,1,1,1,1,47,7,1
6.877509,79.893499,3,8,1,1,3,1,62,4,
6.873291,79.891222,7,6.45,1,1,4,1,40,1,4
6.874473,79.896587,3,17.3,1,1,4,1,,2,20
6.869483,79.897908,3,17.3,1,1,2,1,52,3,27
6.871056,79.906049,2,10.35,1,1,4,1,34,4,6
6.878833,79.921693,2,19.15,1,2,4,1,47,1,3
6.863865,79.898464,3,10.1,1,1,4,1,31,2,2
6.869282,79.889473,7,10.55,1,1,1,1,47,7,1
6.883816,79.886802,6,19.5,1,2,1,1,21,5,1
6.871056,79.906049,3,11.35,1,1,4,1,56,5,4
6.883435,79.910065,4,13.09,1,1,4,1,35,1,8
6.878814,79.890806,3,13.24,1,1,4,1,55,2,3
6.867749,79.91813,7,9.35,1,1,1,2,58,6,5
6.874953,79.927527,5,22.56,1,2,1,1,44,3,10
6.877136,79.892977,5,12.45,1,1,4,1,38,2,13
6.869196,79.902801,5,19.45,1,2,4,1,20,5,4
6.881477,79.890452,3,11.01,1,1,4,1,33,5,3
6.884252,79.902429,4,7.34,1,1,3,1,24,6,4
6.864226,79.897864,4,12.34,1,1,4,1,62,6,20
6.889049,79.902021,5,7.08,1,1,4,1,39,1,14
6.864926,79.896528,6,13.23,1,1,4,2,75,2,3
6.880688,79.899992,2,8.35,1,1,4,1,65,1,12
6.862627,79.90116,4,16.02,1,1,4,1,37,5,3
6.882862,79.896116,5,13.46,1,1,4,1,65,6,4
6.883857,79.901814,2,17.2,1,1,4,1,45,2,6
6.872984,79.888954,3,19.34,1,2,4,1,55,1,4
6.876331,79.892456,3,9.12,1,1,4,1,68,2,11
6.863771,79.898761,4,13.5,1,1,4,1,27,2,6
6.884665,79.907132,7,8.54,1,1,4,1,26,2,5
6.877136,79.892977,5,12.45,1,1,4,1,22,2,3
6.865565,79.89674,3,8.08,1,1,4,1,30,1,4
6.862701,79.91147,3,7.44,1,1,4,1,21,1,1
6.881477,79.890452,3,10.34,1,1,4,,,1,2
6.871075,79.889209,3,19.13,1,2,4,1,37,2,3
6.888202,79.902343,4,10.07,1,1,4,1,34,1,20
6.864226,79.897864,4,12.23,1,1,4,1,49,3,10
6.862627,79.90116,5,7.34,1,1,,1,33,2,3
6.889049,79.902021,5,7.1,1,1,4,1,39,2,12
6.862627,79.90116,6,13.11,1,1,2,1,30,1,11
6.869186,79.917973,7,9.56,1,1,1,1,54,6,3
6.883861,79.906495,7,17.34,1,2,4,1,67,1,4
6.880688,79.899992,2,8.23,1,1,4,1,26,1,9
6.862627,79.90116,2,17.56,1,2,3,1,51,6,5
6.862627,79.90116,4,16.11,1,1,4,1,33,4,4
6.864032,79.898442,4,20.34,1,2,4,1,,1,11
6.884049,79.906741,1,7.46,1,1,4,2,51,1,1
6.872449,79.896933,2,13.18,1,1,3,1,62,1,28
6.883034,79.899894,3,12.57,1,1,4,1,63,1,1
6.872984,79.888954,3,19.08,1,2,4,1,53,1,4
6.862383,79.903034,2,13.16,1,1,4,1,39,7,30
6.87419,79.890388,4,9.25,1,1,4,1,34,1,7
6.878724,79.890289,5,21.45,1,2,2,1,45,7,11
6.86924,79.889487,4,15.15,1,1,4,2,43,1,3
6.876507,79.903243,2,19.01,1,2,3,,,,
6.876371,79.896463,7,,1,1,4,2,33,1,2
6.873155,79.891124,6,16.33,1,1,4,1,50,1,4
6.884049,79.906741,1,7.45,1,1,4,1,52,3,30
6.862819,79.901334,1,18.25,1,2,4,1,,5,10
6.867972,79.892587,2,8.3,1,1,4,1,67,6,4
6.872449,79.896933,2,13.15,1,1,3,1,28,1,7
6.883857,79.901814,2,17.15,1,1,4,1,54,1,2
6.87,79.895596,3,17.45,1,1,4,,,5,13
6.883034,79.899894,3,12.5,1,1,4,1,,1,2
6.862819,79.901334,3,14,1,1,4,1,22,6,20
6.87127,79.888593,3,19.55,1,2,4,2,43,,
6.872984,79.888954,3,19,1,2,4,1,,6,13
6.877363,79.890015,5,11.2,1,1,4,1,21,1,2
6.883446,79.886769,1,9,1,1,4,1,,6,3
6.877402,79.890519,3,9,1,1,4,1,29,7,9
6.876331,79.892456,3,9.15,1,1,4,,,3,65
6.87419,79.890388,4,9.35,1,1,4,1,39,3,11
6.863771,79.898761,4,13.3,1,1,4,1,41,3,27
6.885365,79.897334,6,8.35,1,1,4,1,46,2,6
6.878724,79.890289,5,21,1,2,2,1,24,5,2
6.864049,79.912865,6,12.35,1,1,4,1,49,6,3
6.86924,79.889487,4,15.45,1,1,4,1,,7,7
6.872917,79.891794,3,14.3,1,1,4,1,36,6,9
6.856891,79.908696,3,9.29,1,1,4,1,29,3,10
,,3,13.25,1,1,4,1,40,1,1
6.876371,79.896463,7,,1,1,4,,,1,8
6.862459,79.913142,7,13.3,1,1,4,1,20,6,2
6.884187,79.903853,1,0.1,1,2,4,1,45,6,9
6.873155,79.891124,6,16.05,1,1,4,1,27,5,3
6.871056,79.886053,6,16.5,1,1,4,1,39,1,2
6.869838,79.888073,2,12.45,1,1,4,,,6,4
,,2,19.45,1,2,4,,,1,3
6.869603,79.888882,3,7.29,1,1,4,2,43,2,12
6.857862,79.908421,3,10.3,1,1,2,1,59,2,6
6.869951,79.887625,4,15.4,1,1,4,1,27,2,4
6.876201,79.900657,3,23.3,1,2,4,1,3,1,2
6.881421,79.900516,4,23.1,1,2,4,1,34,1,14
6.881421,79.900516,4,23.1,1,2,4,,,1,1
6.872193,79.905286,2,7.45,1,1,4,,,2,8
6.872193,79.905286,2,7.45,1,1,4,,,5,15
6.869894,79.89953,2,6.28,1,1,0,2,50,4,4
6.869841,79.899829,6,7.32,1,2,0,2,51,4,17
6.869866,79.899979,1,7.29,2,1,0,2,67,2,4
6.869853,79.899876,3,11.17,1,2,0,2,35,1,6
6.869862,79.900324,1,21.18,1,1,0,2,57,6,2
6.869853,79.898526,1,18.09,2,1,0,1,64,3,4
6.869659,79.899945,2,3.54,1,2,0,2,36,2,20
6.869479,79.899998,4,8.5,1,1,0,2,29,3,10
6.869265,79.899814,1,17,2,2,0,2,20,2,5
6.868946,79.90087,6,11.32,2,1,0,2,66,5,15
6.869125,79.89968,6,3.34,2,1,0,2,59,2,9
6.868808,79.90065,1,6.29,1,1,0,2,44,2,6
6.868887,79.901026,6,21,1,1,0,2,28,7,10
6.869211,79.901135,6,21.11,1,1,0,1,35,5,15
6.869419,79.901201,4,20.14,2,2,0,1,65,3,11
6.868872,79.901037,5,19.14,2,2,0,2,37,2,4
6.869421,79.901783,7,20.42,2,2,0,2,20,1,15
6.869398,79.901954,2,10.13,1,2,0,2,56,3,17
6.86912,79.901844,7,11.13,1,2,0,1,37,3,11
6.868934,79.901709,2,19.25,2,2,0,1,48,4,6
6.868702,79.901525,3,13.44,2,2,0,1,75,2,1
6.868914,79.901678,1,23.1,2,2,0,1,24,2,14
6.868697,79.901326,4,5.11,1,2,0,2,31,5,5
6.86852,79.900991,1,14,2,1,0,1,27,4,9
6.868136,79.900078,1,16.26,1,1,0,2,62,5,6
6.868156,79.900054,5,0.06,1,2,0,2,75,3,10
6.868534,79.899735,1,22.12,1,1,0,2,72,1,11
6.868372,79.899887,7,3.04,2,2,0,2,23,2,17
6.868879,79.89933,1,13.3,1,1,0,1,50,7,3
6.86891,79.899289,6,11.46,2,2,0,1,47,5,9
6.869059,79.899067,3,23.24,2,2,0,2,44,2,11
6.869181,79.898849,2,6.47,2,2,0,1,24,5,8
6.869313,79.898613,5,3.13,2,1,0,2,67,6,8
6.869434,79.898337,6,5.16,2,2,0,2,57,6,16
6.869357,79.898093,1,7.29,1,1,0,2,51,6,3
6.869284,79.898191,7,12.57,1,2,0,1,71,3,9
6.869235,79.898243,4,23.55,2,1,0,2,51,7,18
6.868996,79.898572,3,8.59,1,2,0,2,39,3,8
6.868854,79.898726,6,6.16,2,2,0,2,23,5,7
6.868786,79.898811,7,5.12,1,2,0,2,21,4,13
6.868595,79.898934,4,14.48,2,2,0,1,72,1,19
6.868544,79.898968,6,15.47,1,2,0,2,40,2,11
6.868454,79.89902,1,1.49,2,1,0,2,24,1,1
6.868258,79.89912,6,19.09,1,2,0,2,41,1,1
6.868136,79.899189,6,21.26,2,1,0,2,29,3,3
6.869104,79.898449,5,18.24,1,1,0,2,23,4,9
6.869023,79.898558,7,21.33,2,1,0,2,43,7,14
6.868894,79.898703,6,10.26,1,2,0,1,48,1,1
6.868789,79.898809,1,3.32,2,2,0,2,71,5,8
6.86872,79.89887,5,19.23,1,2,0,2,52,6,8
6.868604,79.898951,1,3.35,2,1,0,1,58,3,7
6.868524,79.898973,1,5.47,1,1,0,2,73,5,17
6.86841,79.899043,2,15.57,1,2,0,2,28,1,16
6.868315,79.89909,3,0.09,2,1,0,1,55,6,17
6.868193,79.899161,3,17.1,2,1,0,2,68,6,8
6.868107,79.899194,2,0.54,1,2,0,1,74,5,3
6.867956,79.899269,5,12.13,1,1,0,1,54,7,15
6.867872,79.899311,1,6.56,2,1,0,2,28,4,20
6.866738,79.900306,6,6.02,1,2,0,2,63,7,10
6.866619,79.900451,3,1.39,1,1,0,2,50,2,19
6.866544,79.900521,5,14.16,2,1,0,2,62,1,19
6.866475,79.900608,5,23.5,1,1,0,2,21,3,2
6.866403,79.900686,2,1.59,2,1,0,2,75,1,19
6.866354,79.900742,5,4.39,2,1,0,2,57,1,19
6.866252,79.900867,6,9.56,2,1,0,2,23,3,2
6.866165,79.900968,2,1.59,2,1,0,2,50,6,12
6.866013,79.901108,1,19.27,1,2,0,1,55,1,18
6.865892,79.901218,6,14.39,1,2,0,1,23,6,7
6.865865,79.901214,3,21.03,2,1,0,1,40,1,13
6.865657,79.901336,3,20.07,2,2,0,2,69,5,8
6.865365,79.901429,2,0.33,2,1,0,1,33,5,12
6.865299,79.901443,4,17.26,1,2,0,1,64,2,2
6.865154,79.901496,3,10.35,2,1,0,1,71,4,13
6.865142,79.901492,1,8.19,1,1,0,2,73,5,5
6.86505,79.901517,3,3.52,2,1,0,2,74,5,3
6.864995,79.901533,1,8.42,1,1,0,1,52,7,12
6.864905,79.90157,1,21.55,2,1,0,1,72,4,5
6.86478,79.901599,4,23.58,2,1,0,2,30,3,1
6.864659,79.901644,1,0.59,2,1,0,1,68,4,14
6.864553,79.901678,3,1.28,1,1,0,1,29,4,4
6.864475,79.901702,1,5.38,2,1,0,1,31,1,6
6.864378,79.901747,7,9.56,1,2,0,1,37,5,13
6.864275,79.901786,5,3.21,1,2,0,1,35,6,18
6.864114,79.901809,1,2.08,1,2,0,1,25,4,10
6.863999,79.901804,3,7.58,1,2,0,2,58,6,16
6.863891,79.901797,6,15.2,2,1,0,1,34,5,15
6.863777,79.901776,7,20.09,2,1,0,1,56,7,9
6.863642,79.901749,1,12.41,1,2,0,2,39,7,3
6.863507,79.901718,4,17.58,2,2,0,2,58,5,18
6.863331,79.901619,2,14.16,2,2,0,1,52,5,6
6.863263,79.901599,5,20.11,2,2,0,2,30,4,9
6.863161,79.901543,7,21.34,2,2,0,1,42,7,8
6.863045,79.901502,6,3.28,1,2,0,1,56,4,17
6.863243,79.901666,2,13.49,1,2,0,2,47,6,1
6.863195,79.901768,4,3.21,2,2,0,1,65,5,2
6.863171,79.901827,6,16.34,1,1,0,1,48,6,8
6.863158,79.901855,5,21,2,2,0,2,66,5,15
6.863146,79.901898,5,3,1,1,0,1,69,2,7
6.863118,79.901941,4,20.33,1,1,0,2,69,3,9
6.863125,79.901939,2,21.27,2,2,0,2,49,7,17
6.863076,79.902025,5,1.58,1,2,0,2,51,5,4
6.863037,79.902106,3,12.11,1,2,0,2,41,1,7
6.863019,79.902144,3,17.55,2,2,0,2,40,7,5
6.863,79.902182,7,18.09,1,1,0,2,25,3,5
6.862934,79.902314,4,18.15,1,1,0,2,64,6,9
6.862916,79.902355,5,13.07,2,2,0,2,55,6,20
6.862877,79.902433,7,6.5,2,2,0,2,33,5,7
6.862788,79.902621,3,2.35,2,1,0,1,28,6,19
6.862785,79.902642,7,1.58,2,1,0,1,75,2,8
6.862684,79.902864,5,3.06,2,1,0,2,56,1,3
6.862649,79.902946,2,23.09,2,1,0,1,23,6,15
6.862618,79.903013,7,11.42,2,2,0,2,48,6,1
6.862592,79.903081,1,16.2,1,2,0,1,50,5,5
6.862555,79.903154,4,10.3,2,1,0,1,47,3,6
6.862536,79.90322,5,18.19,1,2,0,2,23,3,6
6.862496,79.903299,2,1.09,2,1,0,1,68,7,3
6.862455,79.903393,1,10.42,2,1,0,1,48,1,10
6.862418,79.903473,7,2.3,1,2,0,1,20,6,3
6.862387,79.903545,7,13.53,2,1,0,2,40,3,1
6.862359,79.903605,1,9.09,2,1,0,1,42,5,17
6.862323,79.903688,7,20.52,1,2,0,2,46,4,8
6.862301,79.903742,2,20.21,1,2,0,1,32,5,20
6.862259,79.903822,4,23.37,2,2,0,2,20,2,5
6.862225,79.903908,2,21.05,1,1,0,1,67,3,17
6.862189,79.903993,6,19.55,1,1,0,1,67,6,4
6.862169,79.904056,1,13.31,2,2,0,1,26,4,6
6.862134,79.904156,1,21.1,1,2,0,1,23,5,13
6.862113,79.904256,1,10.16,1,1,0,1,72,5,20
6.862088,79.904387,7,21.34,1,1,0,2,72,2,2
6.862072,79.904474,2,22.49,1,1,0,2,26,1,6
6.862056,79.904623,6,12.15,2,2,0,2,35,2,19
6.862053,79.904677,2,9.05,1,1,0,1,61,4,17
6.862034,79.904814,4,6.42,1,1,0,1,25,6,1
6.862021,79.904895,4,0.43,1,2,0,1,60,3,12
6.862002,79.904999,1,15.49,1,2,0,2,42,3,12
6.861986,79.905082,5,13.34,2,1,0,1,68,1,16
6.861974,79.905141,5,3.4,2,1,0,2,21,1,18
6.861961,79.905268,5,5.13,2,2,0,2,33,7,15
6.861948,79.905549,5,23.27,1,1,0,1,61,3,1
6.861936,79.905638,5,11,2,1,0,2,38,6,20
6.861907,79.905736,3,21.25,1,2,0,1,59,7,3
6.861889,79.905801,1,13.56,1,1,0,2,43,4,11
6.861865,79.905897,1,14.58,2,1,0,1,37,4,8
6.86189,79.905964,5,5.41,1,1,0,1,21,4,14
6.861851,79.906038,3,14.08,2,1,0,2,35,7,7
6.861907,79.906292,5,8.21,2,2,0,2,50,4,2
6.861908,79.906357,4,4.17,2,2,0,2,26,5,20
6.861891,79.906459,4,7.42,2,1,0,1,22,7,20
6.861878,79.906583,7,13.09,1,2,0,2,61,2,11
6.861876,79.906648,6,21.03,1,1,0,2,62,1,18
6.861871,79.906729,1,4.1,2,1,0,2,52,6,3
6.861861,79.906864,7,4.38,1,2,0,2,45,1,12
6.861858,79.906997,6,16.38,1,2,0,1,46,1,15
6.861851,79.907129,7,7.22,1,1,0,2,24,5,9
6.86184,79.9077,6,8,1,1,0,1,62,2,10
6.861866,79.907885,2,16.19,2,2,0,2,37,6,7
6.861901,79.908152,5,10.08,1,1,0,1,54,1,11
6.861904,79.908306,3,20.24,1,2,0,2,67,4,19
6.86268,79.913069,7,8.31,2,2,0,1,45,5,14
6.862984,79.912931,6,10.2,1,2,0,1,40,4,19
6.863272,79.912803,3,15.5,1,1,0,2,32,6,8
6.863514,79.912699,6,3.52,2,1,0,1,53,6,7
6.863888,79.912537,5,19.19,2,1,0,2,73,6,6
6.864209,79.912388,4,12.26,2,2,0,1,72,6,8
6.864476,79.912274,6,5.49,2,1,0,1,58,4,5
6.864708,79.912172,6,20.22,2,2,0,1,40,5,20
6.864888,79.9121,6,11.42,2,2,0,2,20,7,13
6.865313,79.911896,2,23.11,1,1,0,1,56,1,1
6.865711,79.911685,1,6.01,1,1,0,1,41,4,4
6.86614,79.911436,7,22.51,2,2,0,2,70,4,10
6.866503,79.911128,1,20.11,1,1,0,2,72,3,12
6.866764,79.910897,3,1.13,2,1,0,1,66,4,10
6.867061,79.91062,5,23.49,1,1,0,1,44,3,14
6.867544,79.910093,4,9.01,2,2,0,1,59,5,17
6.868026,79.909401,5,23.32,2,1,0,1,34,6,15
6.868539,79.90874,1,19.07,1,1,0,2,34,3,6
6.869184,79.908116,3,21.28,2,2,0,2,46,2,15
6.869384,79.907948,4,19.22,2,2,0,1,64,2,13
6.870092,79.888451,6,20.43,1,1,0,1,28,3,9
6.870267,79.888589,5,6.35,1,2,0,1,43,4,17
6.870345,79.888615,7,21.5,2,1,0,1,47,4,4
6.870706,79.888935,2,17.05,2,1,0,2,34,5,10
6.871039,79.889209,2,8.17,1,1,0,1,71,1,6
6.871542,79.889626,7,21.51,2,1,0,2,72,7,9
6.871904,79.889914,6,6.27,2,1,0,1,43,5,12
6.872173,79.890171,6,17.23,2,2,0,1,25,4,12
6.872547,79.890533,1,1.54,2,2,0,1,44,1,5
6.872849,79.89082,6,4.41,2,2,0,1,25,4,19
6.873111,79.891077,3,6.22,1,1,0,1,23,4,8
6.873319,79.891276,1,13.35,1,1,0,1,20,6,15
6.873656,79.89148,6,9.38,2,1,0,1,30,5,16
6.873986,79.891575,2,10.04,1,2,0,2,25,1,11
6.874449,79.891705,4,3.53,1,1,0,1,73,4,12
6.87483,79.891822,1,13.33,1,1,0,1,32,6,15
6.875119,79.891975,1,17.06,1,2,0,2,55,6,13
6.875357,79.892148,6,13.53,1,1,0,2,56,1,20
6.875521,79.892352,2,4.09,1,2,0,1,46,2,11
6.875742,79.892665,4,16.3,2,1,0,2,29,4,16
6.875838,79.892901,3,13.41,1,1,0,2,73,3,16
6.875866,79.893156,1,19.02,2,1,0,2,66,7,9
6.875767,79.893565,2,11.25,2,1,0,1,74,1,4
6.875666,79.893806,1,10.57,1,1,0,1,70,7,19
6.87554,79.894097,3,13.02,2,2,0,2,44,3,11
6.875381,79.894416,6,22.02,1,2,0,2,36,5,2
6.875218,79.894613,6,2.32,2,2,0,1,47,4,8
6.875081,79.894786,4,16.53,2,1,0,1,39,3,12
6.874958,79.894936,2,9.35,2,2,0,2,37,2,20
6.874757,79.895296,1,14.57,1,1,0,2,41,6,18
6.874648,79.895613,5,2.2,2,1,0,2,36,3,17
6.874576,79.896052,3,20.24,2,1,0,2,30,1,16
6.874559,79.896616,3,3.1,2,2,0,2,48,6,17
6.874502,79.896845,7,9.32,1,2,0,1,50,4,14
6.874464,79.897015,6,11.08,2,1,0,2,31,2,4
6.874434,79.897218,6,14.03,1,1,0,1,24,1,3
6.87443,79.897425,4,0.23,1,1,0,1,33,6,9
6.874595,79.898327,3,5.42,2,2,0,1,41,2,11
6.874665,79.898586,5,12.01,2,1,0,2,26,7,6
6.87486,79.89883,1,14.12,2,2,0,2,22,6,20
6.875356,79.899252,4,15.06,2,2,0,1,68,1,5
6.875731,79.899689,3,8.35,2,2,0,2,46,6,3
6.875883,79.89995,1,23.57,2,1,0,2,61,2,3
6.875974,79.900131,3,5.42,1,2,0,2,55,2,3
6.876128,79.900436,3,3.4,1,2,0,1,30,5,17
6.875792,79.901076,5,18.02,1,2,0,2,46,2,5
6.875774,79.901239,6,16.49,2,2,0,1,32,1,12
6.875717,79.901681,1,2.37,1,1,0,1,53,3,14
6.875687,79.901881,2,22.14,1,1,0,2,31,4,19
6.884672,79.901956,2,9.26,2,2,0,2,35,4,9
6.876034,79.902009,5,20.35,2,2,0,2,53,7,5
6.868597,79.911263,5,22.4,2,2,0,2,63,7,6
6.868313,79.911551,7,10.56,2,2,0,2,74,3,11
6.868175,79.911836,6,20.01,1,1,0,1,35,3,17
6.867932,79.912248,5,15.17,2,1,0,2,56,2,13
6.867921,79.912788,3,17.58,2,1,0,1,21,4,9
6.868112,79.913521,2,11.28,1,2,0,2,25,7,18
6.868097,79.913881,7,1.35,2,2,0,2,25,5,15
6.868035,79.914543,4,12.48,1,2,0,2,64,5,19
6.867928,79.914835,6,6.09,1,2,0,1,20,6,18
6.867647,79.915455,7,5.05,2,1,0,2,65,3,12
6.867525,79.916075,1,20.15,2,2,0,2,52,2,9
6.867685,79.916946,1,18.37,1,1,0,1,42,4,1
6.867858,79.917473,1,12.05,1,1,0,1,74,1,8
6.867833,79.917891,6,16.19,1,2,0,2,26,6,16
6.867846,79.918551,7,17.09,1,2,0,2,24,4,9
6.867918,79.919043,6,19.02,1,2,0,2,56,4,6
6.867796,79.919399,2,11.27,2,2,0,1,47,1,5
6.867606,79.920016,7,5.02,2,1,0,2,67,2,16
6.867271,79.920603,3,22.15,2,2,0,2,33,1,6
6.867011,79.920995,4,20.23,2,1,0,1,44,3,2
6.866729,79.921775,3,12.24,1,2,0,1,51,6,20
6.866577,79.922124,1,19.41,2,1,0,1,62,6,16
6.866331,79.92284,3,20.18,2,2,0,2,29,6,7
6.866155,79.923378,4,7.4,1,2,0,1,36,5,17
6.866051,79.923987,7,6.04,1,1,0,2,48,7,19
6.866044,79.924672,3,12.38,2,2,0,2,35,1,6
6.865957,79.92521,6,9.02,2,2,0,2,61,1,16
6.865859,79.925871,4,6.5,1,2,0,2,70,6,1
6.865946,79.926472,7,20.01,1,1,0,1,62,2,6
6.866153,79.926885,6,23.06,2,1,0,2,36,4,5
6.866349,79.926767,4,17.08,2,1,0,2,35,4,9
6.86665,79.926598,5,6.21,1,2,0,2,40,6,8
6.867098,79.92654,4,12.2,2,2,0,2,72,2,16
6.867451,79.926527,4,12.16,2,2,0,1,67,2,14
6.866457,79.927298,3,17.49,2,2,0,1,23,6,5
6.874333,79.890946,2,16.58,1,2,0,1,49,2,15
6.874048,79.890992,4,7.38,1,1,0,2,22,3,2
6.87359,79.891281,6,4.33,2,2,0,1,32,7,9
6.87497,79.890921,4,21.2,2,2,0,2,28,4,14
6.875953,79.890596,3,19.07,2,2,0,2,21,4,13
6.876333,79.890523,1,15.27,2,1,0,2,62,4,2
6.877078,79.890493,1,18.05,2,1,0,1,25,3,20
6.877507,79.890553,1,4.2,1,1,0,1,23,3,19
6.877782,79.890618,5,9.28,1,1,0,2,45,7,16
6.87793,79.891027,3,5.25,1,1,0,1,61,1,6
6.877911,79.891386,7,14.39,1,2,0,1,34,6,17
6.877781,79.8921,2,12.49,2,1,0,1,59,5,19
6.877585,79.892355,7,11.29,2,2,0,1,38,4,10
6.877311,79.892684,6,21.1,2,2,0,1,70,5,10
6.88046,79.89051,2,8.25,1,1,3,1,28,2,8
6.874472,79.901973,3,12.4,1,1,3,,,1,18
6.86294,79.901467,4,2.45,1,2,2,1,51,1,7
6.874574,79.89621,5,12,1,1,3,,,6,2
6.882442,79.897664,5,7.45,1,1,3,,,4,16
6.882442,79.897664,5,7.45,1,1,3,,,3,9
6.862708,79.901477,6,13.45,1,1,3,,,5,1
6.863277,79.901597,7,17.55,1,1,1,,,3,1
6.862708,79.901477,7,22.1,1,2,3,1,50,2,2
6.862559,79.91306,1,21.57,1,2,3,1,28,6,2
6.864207,79.897983,2,8.05,1,1,3,1,37,7,9
6.862475,79.901743,2,10.5,1,1,3,1,,5,2
6.870061,79.887777,2,10,1,1,2,,,,
6.870061,79.887777,2,15.1,1,1,3,2,27,1,4
6.870061,79.887777,2,15.1,1,1,3,1,43,6,9
6.883277,79.910853,3,22.2,1,2,2,1,57,1,6
6.879303,79.905103,6,17,1,1,2,1,26,5,15
6.879147,79.890967,3,15.07,1,2,0,2,47,4,1
6.879315,79.891017,3,17.01,2,2,0,1,37,3,6
6.879514,79.891079,5,1.01,2,1,0,2,42,5,5
6.879802,79.891137,3,22.07,1,1,0,1,41,3,2
6.880266,79.891138,5,14,2,1,0,1,59,3,10
6.880738,79.890886,1,23.51,2,1,0,2,31,5,17
6.881034,79.890632,7,15.14,2,1,0,1,43,7,17
6.881303,79.890348,5,20.04,1,2,0,1,33,7,16
6.86924,79.889799,5,2.39,1,1,0,1,57,1,4
6.869076,79.89025,5,12.42,1,2,0,1,64,3,8
6.868854,79.890697,5,18.5,1,2,0,2,61,4,19
6.868801,79.890813,1,3.04,2,1,0,2,66,6,17
6.868699,79.891092,2,5.02,2,2,0,2,49,3,7
6.868582,79.891354,6,17.07,1,2,0,2,44,1,7
6.868497,79.891567,2,17.33,1,1,0,2,50,4,3
6.868339,79.81854,4,0.43,1,1,0,1,63,3,19
6.8682,79.892063,6,6.55,1,1,0,1,57,6,4
6.867934,79.892408,4,22.29,2,2,0,1,48,2,7
6.867737,79.892648,6,18.01,1,2,0,2,48,5,12
6.867732,79.892654,6,5.19,1,1,0,1,23,1,2
6.867542,79.892838,7,4.05,1,1,0,2,50,6,9
6.867364,79.892996,2,11.28,1,2,0,2,31,2,17
6.867229,79.893086,6,6.41,2,1,0,1,75,1,9
6.867038,79.893187,5,0.07,2,2,0,2,67,3,19
6.866563,79.893425,1,2.48,2,2,0,2,53,4,15
6.866364,79.893525,4,20.19,1,2,0,2,63,1,12
6.866149,79.893628,5,23.45,1,1,0,2,47,5,2
6.865938,79.893779,3,2.37,2,2,0,1,62,4,13
6.865757,79.893969,4,18.13,1,1,0,2,60,5,4
6.865625,79.894203,2,22.49,1,2,0,2,66,5,7
6.865498,79.89469,6,20.03,2,2,0,1,68,5,8
6.86545,79.89516,6,5.09,1,2,0,2,45,6,7
6.865412,79.895509,4,17.2,1,1,0,2,63,5,12
6.865368,79.895734,1,9.48,1,1,0,1,61,7,12
6.865263,79.896078,7,10.54,2,2,0,2,49,4,13
6.865091,79.896499,3,1.13,1,2,0,2,48,3,11
6.865013,79.896705,2,18.37,2,1,0,2,23,6,14
6.864875,79.896982,5,18.32,1,2,0,1,63,1,2
6.864768,79.897215,3,6.19,1,2,0,2,41,4,11
6.864669,79.897411,2,10.07,1,1,0,1,47,2,4
6.864685,79.897513,3,0.11,1,2,0,1,69,4,5
6.864552,79.89764,3,21.18,2,2,0,2,74,1,17
6.864554,79.897771,7,13.33,2,1,0,1,53,3,16
6.864429,79.897856,6,17.14,1,2,0,1,49,7,5
6.864228,79.898309,4,10.05,2,2,0,2,24,4,13
6.864129,79.898384,7,15.11,1,1,0,2,73,7,10
6.864114,79.898516,3,22.36,2,1,0,2,32,5,18
6.864018,79.898554,1,20.17,1,1,0,1,53,1,9
6.864018,79.898687,3,15.19,2,1,0,2,64,1,10
6.863925,79.898708,2,8.07,1,2,0,2,33,5,1
6.863963,79.898788,5,14.16,1,2,0,1,35,5,10
6.863827,79.898875,1,23.19,2,1,0,2,30,5,2
6.863815,79.899036,7,15.05,2,1,0,2,69,3,11
6.863672,79.899154,1,13.25,2,2,0,2,48,3,14
6.863669,79.899305,3,18.46,2,1,0,2,60,7,16
6.863503,79.899498,2,4.29,2,1,0,1,66,5,7
6.863162,79.90064,5,21.22,1,2,0,2,22,2,7
6.86317,79.900935,5,10.11,2,1,0,1,25,7,3
6.869031,79.890331,7,20.38,1,1,0,2,59,3,19
6.869087,79.890195,7,2.24,2,2,0,1,65,7,10
6.869149,79.890034,2,19.17,1,1,0,1,58,7,3
6.869216,79.889852,2,7.52,2,2,0,2,72,4,12
6.869589,79.889106,6,3.4,2,1,0,2,42,1,14
6.869733,79.888756,6,6.13,1,1,0,1,46,2,7
6.869886,79.888395,7,2.31,1,2,0,2,61,4,15
6.869973,79.888168,1,1.59,1,1,0,1,37,2,13
6.870171,79.887647,1,10.53,2,2,0,1,64,2,3
6.870479,79.887036,2,15.06,1,2,0,1,36,7,15
6.870838,79.886299,3,1.15,1,2,0,1,28,4,6
6.872117,79.883997,7,18.24,1,1,0,2,45,7,9
6.872385,79.88353,4,22.2,2,2,0,1,59,4,1
6.872955,79.882581,1,23.29,1,1,0,2,29,3,10
6.873291,79.882213,3,8.49,1,1,0,1,23,4,3
6.873745,79.881904,3,8.17,2,2,0,2,47,6,2
6.874523,79.881539,2,23.17,1,1,0,2,54,2,15
6.875304,79.881209,2,14.51,2,2,0,1,74,4,14
6.884167,79.902101,5,23.17,2,1,0,2,64,7,1
6.884171,79.902455,7,22.53,1,2,0,2,44,1,18
6.884175,79.902899,2,20.09,2,2,0,2,33,5,10
6.884164,79.903161,3,10.53,2,2,0,1,35,4,17
6.884116,79.903494,5,9.27,1,1,0,1,23,2,19
6.884033,79.904013,7,18.46,2,1,0,1,65,6,15
6.883951,79.905056,5,21.06,1,1,0,2,31,6,17
6.884166,79.905663,3,0.55,2,2,0,1,23,4,5
6.884401,79.906091,6,10.25,2,2,0,2,30,3,7
6.884615,79.906622,4,20.3,1,2,0,2,62,4,19
6.884377,79.908138,7,14.14,2,1,0,1,75,7,3
6.884139,79.908781,5,17.43,1,2,0,2,24,4,2
6.883676,79.909561,2,21.12,2,2,0,1,66,4,19
6.883446,79.910183,4,1.33,2,1,0,1,54,7,1
6.878387,79.923311,5,2.15,2,2,0,2,20,7,8
6.878118,79.924143,5,1.02,2,2,0,1,49,3,3
6.876968,79.926222,4,22.16,2,2,0,2,52,2,9
6.876927,79.926902,6,18.48,2,1,0,2,40,3,2
6.876266,79.928839,7,10.24,1,1,0,2,57,2,19
6.875964,79.931648,6,16.25,2,2,0,2,67,7,18
6.877968,79.928394,2,22.42,1,1,0,2,62,3,5
6.880013,79.928337,4,5.43,2,2,0,1,30,6,19
6.882062,79.927575,1,10.21,1,2,0,2,27,7,19
6.86757,79.93094,6,15.31,1,1,0,1,41,4,2
6.868918,79.930448,3,23.13,1,2,0,2,70,1,9
6.870189,79.929964,1,5.42,2,1,0,2,62,2,4
6.871691,79.929335,6,7.2,2,2,0,2,46,7,9
6.873574,79.928381,6,14.05,2,2,0,1,64,6,7
6.876587,79.926883,3,10.49,1,2,0,1,27,5,19
6.845938,79.88877,3,5.44,1,1,0,1,39,1,13
6.845905,79.888802,1,1.04,1,1,0,2,42,6,15
6.846732,79.888035,2,14.04,1,1,0,1,56,4,18
6.847439,79.887011,1,11.37,2,2,0,1,24,7,20
6.848662,79.885495,4,17.14,1,2,0,2,66,1,18
6.850068,79.88558,2,12.28,2,1,0,1,49,3,4
6.847109,79.885181,6,19.06,1,1,0,2,44,4,12
6.84503,79.884909,6,17.04,2,1,0,2,54,4,17
6.875695,79.899653,7,18.31,1,1,0,2,24,5,6
6.874691,79.898638,7,15.18,2,1,0,2,33,3,6
6.874575,79.896082,7,8.16,1,2,0,1,63,5,1
6.892801,79.904566,6,13.04,2,2,0,1,69,5,7
6.895817,79.905764,7,10.01,1,1,0,2,35,2,13
6.898948,79.905964,7,3.42,1,2,0,1,22,6,16
6.901341,79.905668,5,21.05,1,1,0,2,40,2,10
6.905475,79.904996,5,1.59,1,1,0,2,37,3,16
6.88046,79.89051,2,8.25,1,1,3,1,28,2,8
6.874472,79.901973,3,12.4,1,1,3,,,1,18
6.86294,79.901467,4,2.45,1,2,2,1,51,1,7
6.874574,79.89621,5,12,1,1,3,,,6,2
6.882442,79.897664,5,7.45,1,1,3,,,4,16
6.882442,79.897664,5,7.45,1,1,3,,,3,9
6.862708,79.901477,6,13.45,1,1,3,,,5,1
6.863277,79.901597,7,17.55,1,1,1,,,3,1
6.862708,79.901477,7,22.1,1,2,3,1,50,2,2
6.862559,79.91306,1,21.57,1,2,3,1,28,6,2
6.864207,79.897983,2,8.05,1,1,3,1,37,7,9
6.862475,79.901743,2,10.5,1,1,3,1,,5,2
6.870061,79.887777,2,10,1,1,2,,,,
6.870061,79.887777,2,15.1,1,1,3,2,27,1,4
6.870061,79.887777,2,15.1,1,1,3,1,43,6,9
6.883277,79.910853,3,22.2,1,2,2,1,57,1,6
6.879303,79.905103,6,17,1,1,2,1,26,5,15
